Review,Sentiment
I would never recommend this to anyone.,Negative
I absolutely love this!,Positive
Fantastic! Would buy again.,Positive
I absolutely love this!,Positive
It broke after one use. So bad!,Negative
"The quality is amazing, I'm impressed.",Positive
Perfect! Exactly what I wanted.,Positive
I regret buying this.,Negative
I'm so happy with this product.,Positive
This is a waste of money.,Negative
"Totally useless, doesn't work.",Negative
I can't believe how good this is.,Positive
This is the worst product I've ever bought.,Negative
Fantastic! Would buy again.,Positive
"Very poor quality, not worth the money.",Negative
I can't believe how good this is.,Positive
Perfect! Exactly what I wanted.,Positive
I would never recommend this to anyone.,Negative
I can't believe how good this is.,Positive
This is a waste of money.,Negative
"Such a great experience, highly recommend!",Positive
I'm so happy with this product.,Positive
It broke after one use. So bad!,Negative
This is a waste of money.,Negative
I can't believe how good this is.,Positive
This is a waste of money.,Negative
"Worst experience ever, do not buy this.",Negative
"The quality is amazing, I'm impressed.",Positive
I'm extremely disappointed.,Negative
I can't believe how good this is.,Positive
"The quality is amazing, I'm impressed.",Positive
I would definitely recommend this to anyone.,Positive
"The quality is amazing, I'm impressed.",Positive
I would never recommend this to anyone.,Negative
"Worst experience ever, do not buy this.",Negative
Perfect! Exactly what I wanted.,Positive
It broke after one use. So bad!,Negative
I can't believe how good this is.,Positive
I would definitely recommend this to anyone.,Positive
"Totally useless, doesn't work.",Negative
"Worst experience ever, do not buy this.",Negative
"This is terrible, I hate it.",Negative
"This is terrible, I hate it.",Negative
I absolutely love this!,Positive
So satisfied with my purchase!,Positive
This is a waste of money.,Negative
This is the best thing I've ever tried.,Positive
This is a waste of money.,Negative
I would never recommend this to anyone.,Negative
I would definitely recommend this to anyone.,Positive
Fantastic! Would buy again.,Positive
"Totally useless, doesn't work.",Negative
I regret buying this.,Negative
I'm extremely disappointed.,Negative
"Worst experience ever, do not buy this.",Negative
I absolutely love this!,Positive
This is the worst product I've ever bought.,Negative
"Such a great experience, highly recommend!",Positive
I would never recommend this to anyone.,Negative
It broke after one use. So bad!,Negative
"Worst experience ever, do not buy this.",Negative
"Totally useless, doesn't work.",Negative
This is a waste of money.,Negative
Perfect! Exactly what I wanted.,Positive
I would definitely recommend this to anyone.,Positive
"Very poor quality, not worth the money.",Negative
So satisfied with my purchase!,Positive
I would definitely recommend this to anyone.,Positive
I would definitely recommend this to anyone.,Positive
I would never recommend this to anyone.,Negative
"Such a great experience, highly recommend!",Positive
"This is terrible, I hate it.",Negative
Fantastic! Would buy again.,Positive
"Totally useless, doesn't work.",Negative
"This is terrible, I hate it.",Negative
I would definitely recommend this to anyone.,Positive
"Such a great experience, highly recommend!",Positive
This is the best thing I've ever tried.,Positive
So satisfied with my purchase!,Positive
I can't believe how good this is.,Positive
I'm so happy with this product.,Positive
"Worst experience ever, do not buy this.",Negative
"Totally useless, doesn't work.",Negative
I would definitely recommend this to anyone.,Positive
I regret buying this.,Negative
Fantastic! Would buy again.,Positive
"Worst experience ever, do not buy this.",Negative
I would never recommend this to anyone.,Negative
This is a waste of money.,Negative
This is the best thing I've ever tried.,Positive
"Totally useless, doesn't work.",Negative
"Very poor quality, not worth the money.",Negative
I regret buying this.,Negative
I would never recommend this to anyone.,Negative
This is the best thing I've ever tried.,Positive
This is the best thing I've ever tried.,Positive
So satisfied with my purchase!,Positive
I regret buying this.,Negative
"Such a great experience, highly recommend!",Positive
I absolutely love this!,Positive
